method,category,subset,family,miou,dice,pixel_acc,image
canny_watershed,edge,4130-steel,Steel,0.3449947109325068,0.4957813929798761,0.5471649169921875,4130x10 (1).jpg
canny_watershed,edge,4130-steel,Steel,0.31328478228834455,0.44633500273376725,0.5326690673828125,4130x10 (10).jpg
canny_watershed,edge,4130-steel,Steel,0.3022458499649968,0.4366433496994254,0.513092041015625,4130x10 (11).jpg
canny_watershed,edge,4130-steel,Steel,0.30369917452501216,0.4384452714802943,0.514801025390625,4130x10 (12).jpg
canny_watershed,edge,4130-steel,Steel,0.30132065708174116,0.4312380338964162,0.5191192626953125,4130x10 (13).jpg
canny_watershed,edge,4130-steel,Steel,0.2764225787760136,0.3860050367861648,0.509857177734375,4130x10 (14).jpg
canny_watershed,edge,4130-steel,Steel,0.308335921347283,0.4439770543475746,0.5205535888671875,4130x10 (15).jpg
canny_watershed,edge,4130-steel,Steel,0.31390925950189713,0.4446197692531203,0.5376129150390625,4130x10 (16).jpg
canny_watershed,edge,4130-steel,Steel,0.30520832889125,0.4316224826553308,0.5311126708984375,4130x10 (17).jpg
canny_watershed,edge,4130-steel,Steel,0.31732681103444843,0.45617006875840216,0.5288543701171875,4130x10 (18).jpg
canny_watershed,edge,4130-steel,Steel,0.32142113105472286,0.45344249189415775,0.5469207763671875,4130x10 (19).jpg
canny_watershed,edge,4130-steel,Steel,0.3041411968851023,0.42639444079548516,0.5362091064453125,4130x10 (2).jpg
canny_watershed,edge,4130-steel,Steel,0.32254361218036814,0.44919370069706155,0.5577850341796875,4130x10 (20).jpg
canny_watershed,edge,4130-steel,Steel,0.33750076042546295,0.4839345785285035,0.54486083984375,4130x10 (3).jpg
canny_watershed,edge,4130-steel,Steel,0.33263403041545425,0.4771321627733096,0.54144287109375,4130x10 (4).jpg
canny_watershed,edge,4130-steel,Steel,0.3268588357965684,0.44626254295371953,0.576507568359375,4130x10 (5).jpg
canny_watershed,edge,4130-steel,Steel,0.32801876235161714,0.45306735810549265,0.5688323974609375,4130x10 (6).jpg
canny_watershed,edge,4130-steel,Steel,0.33856105566588107,0.4751273838000899,0.5644073486328125,4130x10 (7).jpg
canny_watershed,edge,4130-steel,Steel,0.31323425778092534,0.44412794631233354,0.5362548828125,4130x10 (8).jpg
canny_watershed,edge,4130-steel,Steel,0.33723934612025674,0.47561736874055,0.559234619140625,4130x10 (9).jpg
canny_watershed,edge,4130-steel,Steel,0.3643173393353565,0.4643508184488436,0.664215087890625,4130x20 (1).jpg
canny_watershed,edge,4130-steel,Steel,0.29708709051501575,0.42746266306297676,0.511566162109375,4130x20 (10).jpg
canny_watershed,edge,4130-steel,Steel,0.3006508868425305,0.4371336256221541,0.5070343017578125,4130x20 (11).jpg
canny_watershed,edge,4130-steel,Steel,0.297692055887858,0.4319956893408078,0.5059967041015625,4130x20 (12).jpg
canny_watershed,edge,4130-steel,Steel,0.2970870766637214,0.43292033885756864,0.5024566650390625,4130x20 (13).jpg
canny_watershed,edge,4130-steel,Steel,0.2964868144984431,0.4331617813446072,0.5000762939453125,4130x20 (14).jpg
canny_watershed,edge,4130-steel,Steel,0.3048105037361981,0.4366706225195537,0.52142333984375,4130x20 (15).jpg
canny_watershed,edge,4130-steel,Steel,0.3025599072725005,0.4296137655077992,0.5258331298828125,4130x20 (16).jpg
canny_watershed,edge,4130-steel,Steel,0.3018652252060216,0.42393080837852326,0.5328521728515625,4130x20 (17).jpg
canny_watershed,edge,4130-steel,Steel,0.30561966926153716,0.42169505841827076,0.5485076904296875,4130x20 (18).jpg
canny_watershed,edge,4130-steel,Steel,0.3041889253323693,0.42650818973539695,0.5361785888671875,4130x20 (19).jpg
canny_watershed,edge,4130-steel,Steel,0.3791971258782941,0.48917709269308457,0.6687164306640625,4130x20 (2).jpg
canny_watershed,edge,4130-steel,Steel,0.30967130060216685,0.4300121217059067,0.5481414794921875,4130x20 (20).jpg
canny_watershed,edge,4130-steel,Steel,0.3672795799036559,0.4785858696872751,0.6497344970703125,4130x20 (3).jpg
canny_watershed,edge,4130-steel,Steel,0.3833356946691698,0.4759352277975848,0.7035980224609375,4130x20 (4).jpg
canny_watershed,edge,4130-steel,Steel,0.2993375679851673,0.42217088739314845,0.52752685546875,4130x20 (5).jpg
canny_watershed,edge,4130-steel,Steel,0.31244146066492956,0.44326484537313654,0.5351409912109375,4130x20 (6).jpg
canny_watershed,edge,4130-steel,Steel,0.29997065004034257,0.42907107024239177,0.518310546875,4130x20 (7).jpg
canny_watershed,edge,4130-steel,Steel,0.291544694908031,0.41601291420639686,0.512176513671875,4130x20 (8).jpg
canny_watershed,edge,4130-steel,Steel,0.29752615591376025,0.425989164620144,0.5154266357421875,4130x20 (9).jpg
canny_watershed,edge,418-17-4ph-x20,Steel,0.3621493400500244,0.4762768370080356,0.6376190185546875,x20 (1).jpg
canny_watershed,edge,418-17-4ph-x20,Steel,0.41007885177466624,0.5178322212175013,0.7139739990234375,x20 (10).jpg
canny_watershed,edge,418-17-4ph-x20,Steel,0.4525003201930476,0.4961385079911293,0.874969482421875,x20 (11).jpg
canny_watershed,edge,418-17-4ph-x20,Steel,0.4787025292771228,0.5366635287564745,0.8865966796875,x20 (12).jpg
canny_watershed,edge,418-17-4ph-x20,Steel,0.47037860160331596,0.5161517163688277,0.8953704833984375,x20 (13).jpg
canny_watershed,edge,418-17-4ph-x20,Steel,0.46021099623734446,0.5015419888810962,0.8887176513671875,x20 (14).jpg
canny_watershed,edge,418-17-4ph-x20,Steel,0.4476098692893836,0.48126712995783527,0.8827972412109375,x20 (15).jpg
canny_watershed,edge,418-17-4ph-x20,Steel,0.45264916448683074,0.4942458502272665,0.8781890869140625,x20 (16).jpg
canny_watershed,edge,418-17-4ph-x20,Steel,0.48459561040344606,0.5412343760756653,0.896087646484375,x20 (17).jpg
canny_watershed,edge,418-17-4ph-x20,Steel,0.45162436621104185,0.4913086355786579,0.879608154296875,x20 (18).jpg
canny_watershed,edge,418-17-4ph-x20,Steel,0.45471705758405884,0.49347277063590456,0.8851470947265625,x20 (19).jpg
canny_watershed,edge,418-17-4ph-x20,Steel,0.3968040935105404,0.4899139930571373,0.7215576171875,x20 (2).jpg
canny_watershed,edge,418-17-4ph-x20,Steel,0.3013686446772019,0.4302270786891046,0.5209503173828125,x20 (20).jpg
canny_watershed,edge,418-17-4ph-x20,Steel,0.35636102716391527,0.4885359827915074,0.5976715087890625,x20 (21).jpg
canny_watershed,edge,418-17-4ph-x20,Steel,0.4007516363555903,0.4797472319331137,0.7498931884765625,x20 (3).jpg
canny_watershed,edge,418-17-4ph-x20,Steel,0.40179677990321166,0.47585550430905077,0.75909423828125,x20 (4).jpg
canny_watershed,edge,418-17-4ph-x20,Steel,0.38470661108505577,0.45799570829962927,0.7358245849609375,x20 (5).jpg
canny_watershed,edge,418-17-4ph-x20,Steel,0.3970612394050011,0.5179024827439829,0.6732177734375,x20 (6).jpg
canny_watershed,edge,418-17-4ph-x20,Steel,0.3080678749137875,0.4193976190733381,0.5599517822265625,x20 (7).jpg
canny_watershed,edge,418-17-4ph-x20,Steel,0.3833680187758734,0.4627348329170219,0.7245941162109375,x20 (8).jpg
canny_watershed,edge,418-17-4ph-x20,Steel,0.40705629409561456,0.5496828588619227,0.642791748046875,x20 (9).jpg
canny_watershed,edge,418-17-4ph-x5,Steel,0.42929339526473026,0.46316372170103304,0.8569183349609375,x5 (1).jpg
canny_watershed,edge,418-17-4ph-x5,Steel,0.43277052223645773,0.46428453136186665,0.8650970458984375,x5 (10).jpg
canny_watershed,edge,418-17-4ph-x5,Steel,0.42930988989045804,0.46234780248083407,0.85809326171875,x5 (11).jpg
canny_watershed,edge,418-17-4ph-x5,Steel,0.43149465673346943,0.4638570656578324,0.86212158203125,x5 (12).jpg
canny_watershed,edge,418-17-4ph-x5,Steel,0.4340337474694883,0.46501596579066895,0.86761474609375,x5 (13).jpg
canny_watershed,edge,418-17-4ph-x5,Steel,0.4323035520201711,0.4640137084257733,0.864166259765625,x5 (14).jpg
canny_watershed,edge,418-17-4ph-x5,Steel,0.45497027521214933,0.525291662911338,0.8362884521484375,x5 (15).jpg
canny_watershed,edge,418-17-4ph-x5,Steel,0.40880099923337193,0.4511461261130485,0.815765380859375,x5 (16).jpg
canny_watershed,edge,418-17-4ph-x5,Steel,0.4658344371503569,0.5522177954369968,0.82177734375,x5 (17).jpg
canny_watershed,edge,418-17-4ph-x5,Steel,0.4280652474701749,0.4614699273491013,0.8558197021484375,x5 (18).jpg
canny_watershed,edge,418-17-4ph-x5,Steel,0.428386405025752,0.4616573678659172,0.8564605712890625,x5 (19).jpg
canny_watershed,edge,418-17-4ph-x5,Steel,0.433781150611105,0.47628333105947807,0.8510284423828125,x5 (2).jpg
canny_watershed,edge,418-17-4ph-x5,Steel,0.42860816037283234,0.4617867235331276,0.856903076171875,x5 (20).jpg
canny_watershed,edge,418-17-4ph-x5,Steel,0.4329247513473023,0.46413207427014486,0.8657379150390625,x5 (21).jpg
canny_watershed,edge,418-17-4ph-x5,Steel,0.4280969402901237,0.46200885544274306,0.85516357421875,x5 (22).jpg
canny_watershed,edge,418-17-4ph-x5,Steel,0.43079437175540425,0.4629027742990585,0.861480712890625,x5 (23).jpg
canny_watershed,edge,418-17-4ph-x5,Steel,0.43077146503092373,0.46288952671562866,0.8614349365234375,x5 (24).jpg
canny_watershed,edge,418-17-4ph-x5,Steel,0.4293506408683007,0.4621430806539313,0.858489990234375,x5 (25).jpg
canny_watershed,edge,418-17-4ph-x5,Steel,0.43415207368172387,0.4656531746934094,0.8670654296875,x5 (3).jpg
canny_watershed,edge,418-17-4ph-x5,Steel,0.42485426546591154,0.45944607061268583,0.849609375,x5 (4).jpg
canny_watershed,edge,418-17-4ph-x5,Steel,0.4345952061023691,0.5045324689254218,0.8104248046875,x5 (5).jpg
canny_watershed,edge,418-17-4ph-x5,Steel,0.4205112066216267,0.4569586578741718,0.8408355712890625,x5 (6).jpg
canny_watershed,edge,418-17-4ph-x5,Steel,0.42956085571202807,0.46264655405916766,0.8583831787109375,x5 (7).jpg
canny_watershed,edge,418-17-4ph-x5,Steel,0.43354034423828125,0.4644045079723114,0.8670806884765625,x5 (8).jpg
canny_watershed,edge,418-17-4ph-x5,Steel,0.43074940802250633,0.4630328575048179,0.861175537109375,x5 (9).jpg
canny_watershed,edge,5884-armor-steel,Steel,0.31783728256480137,0.4458149012195932,0.548309326171875,armor steel  x 5 (3).jpg
canny_watershed,edge,5884-armor-steel,Steel,0.27687486201587924,0.3903680507686177,0.5047149658203125,armor steel x 10 (1).jpg
canny_watershed,edge,5884-armor-steel,Steel,0.3166128884783773,0.4564728104296826,0.5259857177734375,armor steel x 10 (2).jpg
canny_watershed,edge,5884-armor-steel,Steel,0.3658392015917221,0.4885679690226112,0.6278533935546875,armor steel x 10 (3).jpg
canny_watershed,edge,5884-armor-steel,Steel,0.34529386191418243,0.4731308895235302,0.5896453857421875,armor steel x 10 (4).jpg
canny_watershed,edge,5884-armor-steel,Steel,0.37136173352378593,0.5037417255296756,0.6178741455078125,armor steel x 10 (5).jpg
canny_watershed,edge,5884-armor-steel,Steel,0.3771918830182665,0.5100420029207441,0.6247711181640625,armor steel x 10 (6).jpg
canny_watershed,edge,5884-armor-steel,Steel,0.36761691029169064,0.4285263168621128,0.7284698486328125,armor steel x 20 (1).jpg
canny_watershed,edge,5884-armor-steel,Steel,0.35675025515881026,0.42356645423697303,0.703399658203125,armor steel x 20 (2).jpg
canny_watershed,edge,5884-armor-steel,Steel,0.3163374959194993,0.4550792754254216,0.52752685546875,armor steel x 20 (3).jpg
canny_watershed,edge,5884-armor-steel,Steel,0.35648546094199973,0.44409193190294427,0.6722259521484375,armor steel x 20 (4).jpg
canny_watershed,edge,5884-armor-steel,Steel,0.4116412034881175,0.5367800337642524,0.683441162109375,armor steel x 20 (5).jpg
canny_watershed,edge,5884-armor-steel,Steel,0.335152463652023,0.43752741836391695,0.6167449951171875,armor steel x 20 (6).jpg
canny_watershed,edge,5884-armor-steel,Steel,0.29000932307111793,0.4000873592502533,0.532196044921875,armor steel x 5 (1).jpg
canny_watershed,edge,5884-armor-steel,Steel,0.3027396457377825,0.4426132259332459,0.5045318603515625,armor steel x 5 (2).jpg
canny_watershed,edge,5884-armor-steel,Steel,0.38385554499519614,0.5299375004556424,0.607574462890625,armor steel x 5 (4).jpg
canny_watershed,edge,5884-armor-steel,Steel,0.39151503591725617,0.5182785527543043,0.65496826171875,armor steel x 5 (5).jpg
canny_watershed,edge,5884-armor-steel,Steel,0.35833515942001687,0.49226902995695704,0.5972137451171875,armor steel x 50 (1).jpg
canny_watershed,edge,5884-armor-steel,Steel,0.3272902399226362,0.4273910104435496,0.6080474853515625,armor steel x 50 (2).jpg
canny_watershed,edge,5884-armor-steel,Steel,0.292207397505611,0.41902954730279207,0.50946044921875,armor steel x 50 (3).jpg
canny_watershed,edge,5884-armor-steel,Steel,0.3203241133092073,0.46605293155860095,0.5211181640625,armor steel x 50 (4).jpg
canny_watershed,edge,6280-cast-iron-high,Cast Iron,0.35663062848610383,0.41673727350726736,0.712677001953125,6280 x 20 (1).jpg
canny_watershed,edge,6280-cast-iron-high,Cast Iron,0.3676149884505791,0.42386125161131044,0.735015869140625,6280 x 20 (10).jpg
canny_watershed,edge,6280-cast-iron-high,Cast Iron,0.357079580176236,0.4175662313464832,0.7128448486328125,6280 x 20 (2).jpg
canny_watershed,edge,6280-cast-iron-high,Cast Iron,0.3575850436117269,0.42036074441733084,0.710418701171875,6280 x 20 (3).jpg
canny_watershed,edge,6280-cast-iron-high,Cast Iron,0.3584817857036476,0.41849489213938096,0.7156829833984375,6280 x 20 (4).jpg
canny_watershed,edge,6280-cast-iron-high,Cast Iron,0.3637361487774513,0.4215643980450803,0.7268524169921875,6280 x 20 (5).jpg
canny_watershed,edge,6280-cast-iron-high,Cast Iron,0.3538227064490131,0.41507999162477033,0.706695556640625,6280 x 20 (6).jpg
canny_watershed,edge,6280-cast-iron-high,Cast Iron,0.37279635645036174,0.4278092226075405,0.7446441650390625,6280 x 20 (7).jpg
canny_watershed,edge,6280-cast-iron-high,Cast Iron,0.3555525714467987,0.4162392204107072,0.7101898193359375,6280 x 20 (8).jpg
canny_watershed,edge,6280-cast-iron-high,Cast Iron,0.3617710429937138,0.42059904620261207,0.7224273681640625,6280 x 20 (9).jpg
canny_watershed,edge,6280-cast-iron-low,Cast Iron,0.19843695051315038,0.30367557204541135,0.43548583984375,6280 x 10 (1).jpg
canny_watershed,edge,6280-cast-iron-low,Cast Iron,0.2581441657917138,0.3716058157352368,0.5160675048828125,6280 x 10 (10).jpg
canny_watershed,edge,6280-cast-iron-low,Cast Iron,0.23516962687052226,0.3575739778896699,0.4698486328125,6280 x 10 (11).jpg
canny_watershed,edge,6280-cast-iron-low,Cast Iron,0.20174693348536635,0.3075237288745705,0.4425048828125,6280 x 10 (2).jpg
canny_watershed,edge,6280-cast-iron-low,Cast Iron,0.2514894614390432,0.3657818601458855,0.50018310546875,6280 x 10 (3).jpg
canny_watershed,edge,6280-cast-iron-low,Cast Iron,0.2546299880113417,0.36876797770729364,0.5099639892578125,6280 x 10 (4).jpg
canny_watershed,edge,6280-cast-iron-low,Cast Iron,0.21814837324734557,0.3359101636993406,0.4386138916015625,6280 x 10 (5).jpg
canny_watershed,edge,6280-cast-iron-low,Cast Iron,0.19820272760560773,0.30307723467262154,0.43682861328125,6280 x 10 (6).jpg
canny_watershed,edge,6280-cast-iron-low,Cast Iron,0.2056169409353241,0.31836226017779085,0.4297637939453125,6280 x 10 (7).jpg
canny_watershed,edge,6280-cast-iron-low,Cast Iron,0.19965605961868696,0.30548863380486185,0.4366607666015625,6280 x 10 (8).jpg
canny_watershed,edge,6280-cast-iron-low,Cast Iron,0.25567225440987196,0.3820035596982698,0.4922637939453125,6280 x 10 (9).jpg
gmm_rgb,baseline,4130-steel,Steel,0.8257397094557397,0.9045242029933064,0.9048614501953124,4130x10 (1).jpg
gmm_rgb,baseline,4130-steel,Steel,0.8129823755261398,0.8968447721174262,0.8968505859375,4130x10 (10).jpg
gmm_rgb,baseline,4130-steel,Steel,0.761013531765109,0.8642554519983454,0.8645477294921875,4130x10 (11).jpg
gmm_rgb,baseline,4130-steel,Steel,0.2825547228692652,0.3823803873286182,0.5348968505859375,4130x10 (12).jpg
gmm_rgb,baseline,4130-steel,Steel,0.7450944495221596,0.853923921867559,0.853973388671875,4130x10 (13).jpg
gmm_rgb,baseline,4130-steel,Steel,0.3011552572274476,0.3996187155128896,0.5683135986328125,4130x10 (14).jpg
gmm_rgb,baseline,4130-steel,Steel,0.7307834265339554,0.8444043779957031,0.8447723388671875,4130x10 (15).jpg
gmm_rgb,baseline,4130-steel,Steel,0.719827161440167,0.8370767589993842,0.837188720703125,4130x10 (16).jpg
gmm_rgb,baseline,4130-steel,Steel,0.2645222483022704,0.3505593493828576,0.522796630859375,4130x10 (17).jpg
gmm_rgb,baseline,4130-steel,Steel,0.7713043038682719,0.870867944768979,0.8710479736328125,4130x10 (18).jpg
gmm_rgb,baseline,4130-steel,Steel,0.2576161333839284,0.3415433085603074,0.51318359375,4130x10 (19).jpg
gmm_rgb,baseline,4130-steel,Steel,0.5368109533267097,0.6979940676716289,0.70062255859375,4130x10 (2).jpg
gmm_rgb,baseline,4130-steel,Steel,0.2740988736647221,0.3554111286105845,0.54638671875,4130x10 (20).jpg
gmm_rgb,baseline,4130-steel,Steel,0.5409257785948833,0.7014158052573701,0.7042999267578125,4130x10 (3).jpg
gmm_rgb,baseline,4130-steel,Steel,0.5443437742189792,0.7041466698481642,0.707672119140625,4130x10 (4).jpg
gmm_rgb,baseline,4130-steel,Steel,0.2940498647642889,0.3753084262319028,0.5811767578125,4130x10 (5).jpg
gmm_rgb,baseline,4130-steel,Steel,0.2804602488388432,0.3622312859233432,0.5569610595703125,4130x10 (6).jpg
gmm_rgb,baseline,4130-steel,Steel,0.7909210040796077,0.8831725101076615,0.88397216796875,4130x10 (7).jpg
gmm_rgb,baseline,4130-steel,Steel,0.2629624533966274,0.3627213662796666,0.5006866455078125,4130x10 (8).jpg
gmm_rgb,baseline,4130-steel,Steel,0.2672402111399161,0.3496189678347314,0.5326995849609375,4130x10 (9).jpg
gmm_rgb,baseline,4130-steel,Steel,0.6025988822624198,0.7476523039771927,0.7693634033203125,4130x20 (1).jpg
gmm_rgb,baseline,4130-steel,Steel,0.8805076453025364,0.9364561071021426,0.9364776611328124,4130x20 (10).jpg
gmm_rgb,baseline,4130-steel,Steel,0.8656135178815756,0.92793275303499,0.928436279296875,4130x20 (11).jpg
gmm_rgb,baseline,4130-steel,Steel,0.8693996904440354,0.9301298530601334,0.9302520751953124,4130x20 (12).jpg
gmm_rgb,baseline,4130-steel,Steel,0.8725871674532848,0.931943209242982,0.93218994140625,4130x20 (13).jpg
gmm_rgb,baseline,4130-steel,Steel,0.8651838715343089,0.9276965284468964,0.92803955078125,4130x20 (14).jpg
gmm_rgb,baseline,4130-steel,Steel,0.8330453535397155,0.9089180627422596,0.908935546875,4130x20 (15).jpg
gmm_rgb,baseline,4130-steel,Steel,0.8012428511442666,0.8896260216857044,0.889923095703125,4130x20 (16).jpg
gmm_rgb,baseline,4130-steel,Steel,0.3348526694076264,0.5015010965144443,0.5021209716796875,4130x20 (17).jpg
gmm_rgb,baseline,4130-steel,Steel,0.8566685261799571,0.9227366467809898,0.92364501953125,4130x20 (18).jpg
gmm_rgb,baseline,4130-steel,Steel,0.8457724703127902,0.9163662542920912,0.9173583984375,4130x20 (19).jpg
gmm_rgb,baseline,4130-steel,Steel,0.5780002457041917,0.7288280287903797,0.7463836669921875,4130x20 (2).jpg
gmm_rgb,baseline,4130-steel,Steel,0.2734975445259193,0.3547888960881871,0.54534912109375,4130x20 (20).jpg
gmm_rgb,baseline,4130-steel,Steel,0.6197771277304077,0.7627140755177397,0.7760009765625,4130x20 (3).jpg
gmm_rgb,baseline,4130-steel,Steel,0.4848427354011844,0.6441882893091964,0.677978515625,4130x20 (4).jpg
gmm_rgb,baseline,4130-steel,Steel,0.7871516992760503,0.8808948526594893,0.880950927734375,4130x20 (5).jpg
gmm_rgb,baseline,4130-steel,Steel,0.868393748618223,0.929549743028705,0.9297332763671876,4130x20 (6).jpg
gmm_rgb,baseline,4130-steel,Steel,0.8664307472341914,0.9284327023298248,0.9284820556640624,4130x20 (7).jpg
gmm_rgb,baseline,4130-steel,Steel,0.2568122262084942,0.3401765776835257,0.512481689453125,4130x20 (8).jpg
gmm_rgb,baseline,4130-steel,Steel,0.8367491638209306,0.911111741271948,0.9112091064453124,4130x20 (9).jpg
gmm_rgb,baseline,418-17-4ph-x20,Steel,0.3767371107444089,0.4770004916835357,0.6816864013671875,x20 (1).jpg
gmm_rgb,baseline,418-17-4ph-x20,Steel,0.5232870329070616,0.6720079818527183,0.73291015625,x20 (10).jpg
gmm_rgb,baseline,418-17-4ph-x20,Steel,0.4668874938256735,0.4841856841639008,0.9319915771484376,x20 (11).jpg
gmm_rgb,baseline,418-17-4ph-x20,Steel,0.4728011186692055,0.4895764558258333,0.9407501220703124,x20 (12).jpg
gmm_rgb,baseline,418-17-4ph-x20,Steel,0.3964830540243643,0.449504527550105,0.78277587890625,x20 (13).jpg
gmm_rgb,baseline,418-17-4ph-x20,Steel,0.4770298032391251,0.4915556500750423,0.949554443359375,x20 (14).jpg
gmm_rgb,baseline,418-17-4ph-x20,Steel,0.4791362288209369,0.4953241088700237,0.950103759765625,x20 (15).jpg
gmm_rgb,baseline,418-17-4ph-x20,Steel,0.4674038074719642,0.4858846511916348,0.9310760498046876,x20 (16).jpg
gmm_rgb,baseline,418-17-4ph-x20,Steel,0.4778769387906134,0.4916886068360401,0.9516754150390624,x20 (17).jpg
gmm_rgb,baseline,418-17-4ph-x20,Steel,0.4757957905745686,0.4907643799900052,0.9472808837890624,x20 (18).jpg
gmm_rgb,baseline,418-17-4ph-x20,Steel,0.4720499411037747,0.4889284622925741,0.9395904541015624,x20 (19).jpg
gmm_rgb,baseline,418-17-4ph-x20,Steel,0.4754329556704034,0.6189131865907019,0.711517333984375,x20 (2).jpg
gmm_rgb,baseline,418-17-4ph-x20,Steel,0.2752828000795766,0.3795996940760142,0.5157318115234375,x20 (20).jpg
gmm_rgb,baseline,418-17-4ph-x20,Steel,0.2758638737353527,0.3630723285029051,0.5413360595703125,x20 (21).jpg
gmm_rgb,baseline,418-17-4ph-x20,Steel,0.5072409281935002,0.6027926501051355,0.850006103515625,x20 (3).jpg
gmm_rgb,baseline,418-17-4ph-x20,Steel,0.4358111131821412,0.5763132964234796,0.67962646484375,x20 (4).jpg
gmm_rgb,baseline,418-17-4ph-x20,Steel,0.423469137104279,0.5610776613476163,0.6722259521484375,x20 (5).jpg
gmm_rgb,baseline,418-17-4ph-x20,Steel,0.383188859811323,0.4818148628561942,0.6934967041015625,x20 (6).jpg
gmm_rgb,baseline,418-17-4ph-x20,Steel,0.4277075134493386,0.58837534743403,0.625335693359375,x20 (7).jpg
gmm_rgb,baseline,418-17-4ph-x20,Steel,0.4673793591488704,0.6113419406193841,0.7031097412109375,x20 (8).jpg
gmm_rgb,baseline,418-17-4ph-x20,Steel,0.5864230196494675,0.7367795276575595,0.7488861083984375,x20 (9).jpg
gmm_rgb,baseline,418-17-4ph-x5,Steel,0.6640215822076957,0.762300444566305,0.94866943359375,x5 (1).jpg
gmm_rgb,baseline,418-17-4ph-x5,Steel,0.6560530626976335,0.7525357273019437,0.953033447265625,x5 (10).jpg
gmm_rgb,baseline,418-17-4ph-x5,Steel,0.6530435408551232,0.7511371495451691,0.94671630859375,x5 (11).jpg
gmm_rgb,baseline,418-17-4ph-x5,Steel,0.6848247607385423,0.7814424891381933,0.9570159912109376,x5 (12).jpg
gmm_rgb,baseline,418-17-4ph-x5,Steel,0.6521415587032436,0.7468535526601099,0.9577178955078124,x5 (13).jpg
gmm_rgb,baseline,418-17-4ph-x5,Steel,0.6823542320843992,0.7782227207099887,0.9598388671875,x5 (14).jpg
gmm_rgb,baseline,418-17-4ph-x5,Steel,0.7834161044600001,0.8694192881519718,0.9485321044921876,x5 (15).jpg
gmm_rgb,baseline,418-17-4ph-x5,Steel,0.7742043144941697,0.8615305973235369,0.953643798828125,x5 (16).jpg
gmm_rgb,baseline,418-17-4ph-x5,Steel,0.8634450668832268,0.923705628541254,0.966217041015625,x5 (17).jpg
gmm_rgb,baseline,418-17-4ph-x5,Steel,0.5588927010076414,0.6593508310066767,0.886383056640625,x5 (18).jpg
gmm_rgb,baseline,418-17-4ph-x5,Steel,0.5756917705455469,0.675055965020327,0.902008056640625,x5 (19).jpg
gmm_rgb,baseline,418-17-4ph-x5,Steel,0.7272916283579345,0.8219634216119887,0.955322265625,x5 (2).jpg
gmm_rgb,baseline,418-17-4ph-x5,Steel,0.5515019830204484,0.6500356898483485,0.884918212890625,x5 (20).jpg
gmm_rgb,baseline,418-17-4ph-x5,Steel,0.5017782212854629,0.5953355176113695,0.848419189453125,x5 (21).jpg
gmm_rgb,baseline,418-17-4ph-x5,Steel,0.5700346316544065,0.6692891638875493,0.8980560302734375,x5 (22).jpg
gmm_rgb,baseline,418-17-4ph-x5,Steel,0.540819841022841,0.636944921594729,0.8811492919921875,x5 (23).jpg
gmm_rgb,baseline,418-17-4ph-x5,Steel,0.5444394506330131,0.6409203996480093,0.883575439453125,x5 (24).jpg
gmm_rgb,baseline,418-17-4ph-x5,Steel,0.5873517872699554,0.6854497717200152,0.9135894775390624,x5 (25).jpg
gmm_rgb,baseline,418-17-4ph-x5,Steel,0.671044630967397,0.7666250435646156,0.959625244140625,x5 (3).jpg
gmm_rgb,baseline,418-17-4ph-x5,Steel,0.7223873874274516,0.8185732377994046,0.9504241943359376,x5 (4).jpg
gmm_rgb,baseline,418-17-4ph-x5,Steel,0.8712990628310776,0.9285195393976168,0.96905517578125,x5 (5).jpg
gmm_rgb,baseline,418-17-4ph-x5,Steel,0.7308197238008822,0.8256082064725853,0.9526824951171876,x5 (6).jpg
gmm_rgb,baseline,418-17-4ph-x5,Steel,0.6598136034851418,0.7582193934183257,0.947357177734375,x5 (7).jpg
gmm_rgb,baseline,418-17-4ph-x5,Steel,0.6464066844239208,0.7416779189964565,0.9538421630859376,x5 (8).jpg
gmm_rgb,baseline,418-17-4ph-x5,Steel,0.6729833376757113,0.769813681380372,0.955352783203125,x5 (9).jpg
gmm_rgb,baseline,5884-armor-steel,Steel,0.8296566005581496,0.9067642821741446,0.9083404541015624,armor steel  x 5 (3).jpg
gmm_rgb,baseline,5884-armor-steel,Steel,0.7894686188864066,0.8821279671355473,0.8842315673828125,armor steel x 10 (1).jpg
gmm_rgb,baseline,5884-armor-steel,Steel,0.7943403790601626,0.8853204830049604,0.8859405517578125,armor steel x 10 (2).jpg
gmm_rgb,baseline,5884-armor-steel,Steel,0.6215886175433593,0.7650700894752468,0.7733306884765625,armor steel x 10 (3).jpg
gmm_rgb,baseline,5884-armor-steel,Steel,0.7707499064128793,0.8703537842041505,0.8719329833984375,armor steel x 10 (4).jpg
gmm_rgb,baseline,5884-armor-steel,Steel,0.6179132805957799,0.7634283050606132,0.7655792236328125,armor steel x 10 (5).jpg
gmm_rgb,baseline,5884-armor-steel,Steel,0.6497785054670646,0.7875402097814412,0.788543701171875,armor steel x 10 (6).jpg
gmm_rgb,baseline,5884-armor-steel,Steel,0.7124604063760782,0.8235942178293512,0.8802490234375,armor steel x 20 (1).jpg
gmm_rgb,baseline,5884-armor-steel,Steel,0.7366188489649002,0.8417938151970871,0.8896942138671875,armor steel x 20 (2).jpg
gmm_rgb,baseline,5884-armor-steel,Steel,0.819090191731356,0.9005195372501479,0.900848388671875,armor steel x 20 (3).jpg
gmm_rgb,baseline,5884-armor-steel,Steel,0.7969909102853905,0.8840657217314374,0.9125823974609376,armor steel x 20 (4).jpg
gmm_rgb,baseline,5884-armor-steel,Steel,0.7433406388260979,0.848559159081141,0.8806304931640625,armor steel x 20 (5).jpg
gmm_rgb,baseline,5884-armor-steel,Steel,0.684893639485031,0.8059508194457868,0.849212646484375,armor steel x 20 (6).jpg
gmm_rgb,baseline,5884-armor-steel,Steel,0.5288390561672482,0.6881681769068351,0.703521728515625,armor steel x 5 (1).jpg
gmm_rgb,baseline,5884-armor-steel,Steel,0.7631650704103985,0.8656269658385952,0.8660430908203125,armor steel x 5 (2).jpg
gmm_rgb,baseline,5884-armor-steel,Steel,0.6764594653208466,0.8061850606044927,0.8112640380859375,armor steel x 5 (4).jpg
gmm_rgb,baseline,5884-armor-steel,Steel,0.7553697978070354,0.8588923879730215,0.873016357421875,armor steel x 5 (5).jpg
gmm_rgb,baseline,5884-armor-steel,Steel,0.6653091684196857,0.7990116624299809,0.799072265625,armor steel x 50 (1).jpg
gmm_rgb,baseline,5884-armor-steel,Steel,0.6938053135982492,0.8174041503750102,0.8292083740234375,armor steel x 50 (2).jpg
gmm_rgb,baseline,5884-armor-steel,Steel,0.6591753486700145,0.7933449164496289,0.800567626953125,armor steel x 50 (3).jpg
gmm_rgb,baseline,5884-armor-steel,Steel,0.5684288886191928,0.7242074371874809,0.7271270751953125,armor steel x 50 (4).jpg
gmm_rgb,baseline,6280-cast-iron-high,Cast Iron,0.7064072854338137,0.8205891129529395,0.86895751953125,6280 x 20 (1).jpg
gmm_rgb,baseline,6280-cast-iron-high,Cast Iron,0.6479086013880838,0.7742300145796028,0.8399810791015625,6280 x 20 (10).jpg
gmm_rgb,baseline,6280-cast-iron-high,Cast Iron,0.5325685118145495,0.6747188281602341,0.757354736328125,6280 x 20 (2).jpg
gmm_rgb,baseline,6280-cast-iron-high,Cast Iron,0.5482067316911277,0.6894888458830448,0.7683868408203125,6280 x 20 (3).jpg
gmm_rgb,baseline,6280-cast-iron-high,Cast Iron,0.6890311292206273,0.8076325548017735,0.8588104248046875,6280 x 20 (4).jpg
gmm_rgb,baseline,6280-cast-iron-high,Cast Iron,0.5261500103361099,0.666571914420387,0.7583160400390625,6280 x 20 (5).jpg
gmm_rgb,baseline,6280-cast-iron-high,Cast Iron,0.714913545150575,0.8267285004103369,0.8743438720703125,6280 x 20 (6).jpg
gmm_rgb,baseline,6280-cast-iron-high,Cast Iron,0.6301132002309033,0.7602944927473583,0.82647705078125,6280 x 20 (7).jpg
gmm_rgb,baseline,6280-cast-iron-high,Cast Iron,0.6864195674849054,0.8054772901457719,0.858154296875,6280 x 20 (8).jpg
gmm_rgb,baseline,6280-cast-iron-high,Cast Iron,0.5395499155283301,0.6794224353683294,0.767974853515625,6280 x 20 (9).jpg
gmm_rgb,baseline,6280-cast-iron-low,Cast Iron,0.6142310701027963,0.7536917426328982,0.8033905029296875,6280 x 10 (1).jpg
gmm_rgb,baseline,6280-cast-iron-low,Cast Iron,0.5788384701111448,0.7262243229085685,0.771881103515625,6280 x 10 (10).jpg
gmm_rgb,baseline,6280-cast-iron-low,Cast Iron,0.5653457069116825,0.7183503537947167,0.74945068359375,6280 x 10 (11).jpg
gmm_rgb,baseline,6280-cast-iron-low,Cast Iron,0.6214195085943562,0.7587587319330091,0.8126220703125,6280 x 10 (2).jpg
gmm_rgb,baseline,6280-cast-iron-low,Cast Iron,0.6093841532873112,0.7458495218771075,0.8108062744140625,6280 x 10 (3).jpg
gmm_rgb,baseline,6280-cast-iron-low,Cast Iron,0.5924549435479102,0.7303039024781272,0.8047027587890625,6280 x 10 (4).jpg
gmm_rgb,baseline,6280-cast-iron-low,Cast Iron,0.4234891529561126,0.5824985988080781,0.649566650390625,6280 x 10 (5).jpg
gmm_rgb,baseline,6280-cast-iron-low,Cast Iron,0.5501951141378288,0.6991088561875957,0.761505126953125,6280 x 10 (6).jpg
gmm_rgb,baseline,6280-cast-iron-low,Cast Iron,0.6239984385497714,0.765918588540258,0.78765869140625,6280 x 10 (7).jpg
gmm_rgb,baseline,6280-cast-iron-low,Cast Iron,0.5849953656616421,0.7279217198302343,0.7889404296875,6280 x 10 (8).jpg
gmm_rgb,baseline,6280-cast-iron-low,Cast Iron,0.4447320984796373,0.6061960639919599,0.66461181640625,6280 x 10 (9).jpg
kmeans_rgb,baseline,4130-steel,Steel,0.753101174228951,0.8590552928219494,0.8599395751953125,4130x10 (1).jpg
kmeans_rgb,baseline,4130-steel,Steel,0.2641087131738122,0.361171672785729,0.506591796875,4130x10 (10).jpg
kmeans_rgb,baseline,4130-steel,Steel,0.2778535144977551,0.372590007488729,0.534149169921875,4130x10 (11).jpg
kmeans_rgb,baseline,4130-steel,Steel,0.2776056264013208,0.3740565568679048,0.53125,4130x10 (12).jpg
kmeans_rgb,baseline,4130-steel,Steel,0.2713457434850782,0.3680521032624797,0.519927978515625,4130x10 (13).jpg
kmeans_rgb,baseline,4130-steel,Steel,0.2962863303752818,0.3914693428708108,0.565032958984375,4130x10 (14).jpg
kmeans_rgb,baseline,4130-steel,Steel,0.276758571313883,0.3730226564791331,0.5300445556640625,4130x10 (15).jpg
kmeans_rgb,baseline,4130-steel,Steel,0.2518017775179798,0.3351022473546692,0.5033721923828125,4130x10 (16).jpg
kmeans_rgb,baseline,4130-steel,Steel,0.2640277981071021,0.3485638699950786,0.5239715576171875,4130x10 (17).jpg
kmeans_rgb,baseline,4130-steel,Steel,0.2729240351302429,0.3694902291485132,0.5229034423828125,4130x10 (18).jpg
kmeans_rgb,baseline,4130-steel,Steel,0.2593901967617493,0.3425742396278047,0.517425537109375,4130x10 (19).jpg
kmeans_rgb,baseline,4130-steel,Steel,0.5111811965490592,0.676345288719251,0.6771087646484375,4130x10 (2).jpg
kmeans_rgb,baseline,4130-steel,Steel,0.2763310656688694,0.3568953093789548,0.551361083984375,4130x10 (20).jpg
kmeans_rgb,baseline,4130-steel,Steel,0.5237257683548592,0.6873385064746285,0.687713623046875,4130x10 (3).jpg
kmeans_rgb,baseline,4130-steel,Steel,0.5175641950768314,0.6820064557383512,0.6823883056640625,4130x10 (4).jpg
kmeans_rgb,baseline,4130-steel,Steel,0.2946136512646664,0.3751304566418618,0.5831756591796875,4130x10 (5).jpg
kmeans_rgb,baseline,4130-steel,Steel,0.281675030426262,0.3627750604604888,0.5600128173828125,4130x10 (6).jpg
kmeans_rgb,baseline,4130-steel,Steel,0.2719822536181829,0.3532799637016423,0.5426483154296875,4130x10 (7).jpg
kmeans_rgb,baseline,4130-steel,Steel,0.2516890597010541,0.3356478039181459,0.5022735595703125,4130x10 (8).jpg
kmeans_rgb,baseline,4130-steel,Steel,0.2688608381727145,0.3505945388501147,0.5364837646484375,4130x10 (9).jpg
kmeans_rgb,baseline,4130-steel,Steel,0.5266848904659946,0.6879147816021026,0.696563720703125,4130x20 (1).jpg
kmeans_rgb,baseline,4130-steel,Steel,0.2714313320230622,0.3656709106350812,0.5236053466796875,4130x20 (10).jpg
kmeans_rgb,baseline,4130-steel,Steel,0.288251668054097,0.3819341175313469,0.5536041259765625,4130x20 (11).jpg
kmeans_rgb,baseline,4130-steel,Steel,0.2796149322412624,0.3731148516118991,0.5389862060546875,4130x20 (12).jpg
kmeans_rgb,baseline,4130-steel,Steel,0.2877956940413121,0.380430537231792,0.5543365478515625,4130x20 (13).jpg
kmeans_rgb,baseline,4130-steel,Steel,0.2882343608315589,0.3808712015519799,0.555084228515625,4130x20 (14).jpg
kmeans_rgb,baseline,4130-steel,Steel,0.2640794296095527,0.3587541677751636,0.5099334716796875,4130x20 (15).jpg
kmeans_rgb,baseline,4130-steel,Steel,0.2607537795180711,0.3430101742851121,0.5211639404296875,4130x20 (16).jpg
kmeans_rgb,baseline,4130-steel,Steel,0.2917757545679362,0.3841868101963062,0.5614471435546875,4130x20 (17).jpg
kmeans_rgb,baseline,4130-steel,Steel,0.2796563291550697,0.3594613769559319,0.558258056640625,4130x20 (18).jpg
kmeans_rgb,baseline,4130-steel,Steel,0.2749518301699071,0.355662938705157,0.5487213134765625,4130x20 (19).jpg
kmeans_rgb,baseline,4130-steel,Steel,0.5046269878863263,0.6693662813693828,0.6750030517578125,4130x20 (2).jpg
kmeans_rgb,baseline,4130-steel,Steel,0.2745051946053098,0.3554632211967016,0.5475921630859375,4130x20 (20).jpg
kmeans_rgb,baseline,4130-steel,Steel,0.5396912752201117,0.7002252146527208,0.7037506103515625,4130x20 (3).jpg
kmeans_rgb,baseline,4130-steel,Steel,0.4271940542488499,0.5940154602291872,0.6100616455078125,4130x20 (4).jpg
kmeans_rgb,baseline,4130-steel,Steel,0.2606635972304482,0.3446372690622608,0.5186614990234375,4130x20 (5).jpg
kmeans_rgb,baseline,4130-steel,Steel,0.2546255835283632,0.3382338043079179,0.508148193359375,4130x20 (6).jpg
kmeans_rgb,baseline,4130-steel,Steel,0.2608307533693787,0.3557778997174559,0.50372314453125,4130x20 (7).jpg
kmeans_rgb,baseline,4130-steel,Steel,0.2580402342540402,0.3410773924745193,0.515167236328125,4130x20 (8).jpg
kmeans_rgb,baseline,4130-steel,Steel,0.2533307125858592,0.3369860295126904,0.505706787109375,4130x20 (9).jpg
kmeans_rgb,baseline,418-17-4ph-x20,Steel,0.3722864148382585,0.4700742365523044,0.6793975830078125,x20 (1).jpg
kmeans_rgb,baseline,418-17-4ph-x20,Steel,0.4318833622301982,0.5268099159006409,0.7647552490234375,x20 (10).jpg
kmeans_rgb,baseline,418-17-4ph-x20,Steel,0.4746233042003177,0.4874185463638176,0.9486541748046876,x20 (11).jpg
kmeans_rgb,baseline,418-17-4ph-x20,Steel,0.4778945791238234,0.489920772394173,0.954132080078125,x20 (12).jpg
kmeans_rgb,baseline,418-17-4ph-x20,Steel,0.4742560210332847,0.4876394123135736,0.947357177734375,x20 (13).jpg
kmeans_rgb,baseline,418-17-4ph-x20,Steel,0.4831264392508332,0.4943834330973246,0.9622344970703124,x20 (14).jpg
kmeans_rgb,baseline,418-17-4ph-x20,Steel,0.4846313449336784,0.4972301025278555,0.9624176025390624,x20 (15).jpg
kmeans_rgb,baseline,418-17-4ph-x20,Steel,0.4732503176787441,0.4866724629360335,0.9459381103515624,x20 (16).jpg
kmeans_rgb,baseline,418-17-4ph-x20,Steel,0.4826550117624908,0.492704576407396,0.9632415771484376,x20 (17).jpg
kmeans_rgb,baseline,418-17-4ph-x20,Steel,0.4792890002892394,0.4907258762507041,0.956817626953125,x20 (18).jpg
kmeans_rgb,baseline,418-17-4ph-x20,Steel,0.4810577971722185,0.4932836752936499,0.9581298828125,x20 (19).jpg
kmeans_rgb,baseline,418-17-4ph-x20,Steel,0.4580346908078003,0.5504860326123663,0.8013763427734375,x20 (2).jpg
kmeans_rgb,baseline,418-17-4ph-x20,Steel,0.2690066504703752,0.367324043589591,0.51348876953125,x20 (20).jpg
kmeans_rgb,baseline,418-17-4ph-x20,Steel,0.2735306965551219,0.3559208702371676,0.5438995361328125,x20 (21).jpg
kmeans_rgb,baseline,418-17-4ph-x20,Steel,0.4969521332836608,0.5884871043609728,0.8473358154296875,x20 (3).jpg
kmeans_rgb,baseline,418-17-4ph-x20,Steel,0.5085528566340786,0.5993566151968651,0.8610992431640625,x20 (4).jpg
kmeans_rgb,baseline,418-17-4ph-x20,Steel,0.4888739318297916,0.5796960426267421,0.8399200439453125,x20 (5).jpg
kmeans_rgb,baseline,418-17-4ph-x20,Steel,0.3781693442868564,0.4738374758588117,0.6912689208984375,x20 (6).jpg
kmeans_rgb,baseline,418-17-4ph-x20,Steel,0.3482952092344463,0.4577771109441628,0.625213623046875,x20 (7).jpg
kmeans_rgb,baseline,418-17-4ph-x20,Steel,0.4696021521484033,0.558702557507026,0.8212432861328125,x20 (8).jpg
kmeans_rgb,baseline,418-17-4ph-x20,Steel,0.314990106462554,0.4198118016004947,0.5812225341796875,x20 (9).jpg
kmeans_rgb,baseline,418-17-4ph-x5,Steel,0.7314714512092262,0.8227028643061248,0.970184326171875,x5 (1).jpg
kmeans_rgb,baseline,418-17-4ph-x5,Steel,0.7385348908258119,0.8279945814649927,0.975250244140625,x5 (10).jpg
kmeans_rgb,baseline,418-17-4ph-x5,Steel,0.7280913928820252,0.8195121649106727,0.9708709716796876,x5 (11).jpg
kmeans_rgb,baseline,418-17-4ph-x5,Steel,0.7576681312471141,0.8444228229952867,0.9759368896484376,x5 (12).jpg
kmeans_rgb,baseline,418-17-4ph-x5,Steel,0.7279799765436386,0.8181217170073118,0.97705078125,x5 (13).jpg
kmeans_rgb,baseline,418-17-4ph-x5,Steel,0.762141242571113,0.8477301679549327,0.978546142578125,x5 (14).jpg
kmeans_rgb,baseline,418-17-4ph-x5,Steel,0.8510611533632969,0.9152557931607496,0.9700775146484376,x5 (15).jpg
kmeans_rgb,baseline,418-17-4ph-x5,Steel,0.817889743626069,0.8924178282649184,0.968658447265625,x5 (16).jpg
kmeans_rgb,baseline,418-17-4ph-x5,Steel,0.8693417180089702,0.9273018676334088,0.968658447265625,x5 (17).jpg
kmeans_rgb,baseline,418-17-4ph-x5,Steel,0.7187465759775291,0.8116170079764284,0.96771240234375,x5 (18).jpg
kmeans_rgb,baseline,418-17-4ph-x5,Steel,0.7586504185370349,0.8453308159547471,0.9754791259765624,x5 (19).jpg
kmeans_rgb,baseline,418-17-4ph-x5,Steel,0.8122598530655021,0.8873332124373603,0.9769287109375,x5 (2).jpg
kmeans_rgb,baseline,418-17-4ph-x5,Steel,0.7397406009228384,0.8295585657877413,0.9727020263671876,x5 (20).jpg
kmeans_rgb,baseline,418-17-4ph-x5,Steel,0.733036019841292,0.8231123086611718,0.97509765625,x5 (21).jpg
kmeans_rgb,baseline,418-17-4ph-x5,Steel,0.7111448212662507,0.8050295644219324,0.9653778076171876,x5 (22).jpg
kmeans_rgb,baseline,418-17-4ph-x5,Steel,0.7230364177138042,0.8146815672491163,0.9718780517578124,x5 (23).jpg
kmeans_rgb,baseline,418-17-4ph-x5,Steel,0.7368498842887965,0.8268325578062329,0.9735565185546876,x5 (24).jpg
kmeans_rgb,baseline,418-17-4ph-x5,Steel,0.7399435066793961,0.8295773477017594,0.9735260009765624,x5 (25).jpg
kmeans_rgb,baseline,418-17-4ph-x5,Steel,0.7569924864131041,0.843219971335221,0.9795074462890624,x5 (3).jpg
kmeans_rgb,baseline,418-17-4ph-x5,Steel,0.8763486575266535,0.9304729980560392,0.98626708984375,x5 (4).jpg
kmeans_rgb,baseline,418-17-4ph-x5,Steel,0.9233892192535416,0.9592069404968842,0.9837493896484376,x5 (5).jpg
kmeans_rgb,baseline,418-17-4ph-x5,Steel,0.8126751524693294,0.8879087452595505,0.9747161865234376,x5 (6).jpg
kmeans_rgb,baseline,418-17-4ph-x5,Steel,0.7384317602712063,0.8286566832377437,0.971405029296875,x5 (7).jpg
kmeans_rgb,baseline,418-17-4ph-x5,Steel,0.7228859928257296,0.8139670043468372,0.9745635986328124,x5 (8).jpg
kmeans_rgb,baseline,418-17-4ph-x5,Steel,0.7460938067084006,0.834640824136245,0.9752044677734376,x5 (9).jpg
kmeans_rgb,baseline,5884-armor-steel,Steel,0.7850957116209001,0.8789622436259004,0.884979248046875,armor steel  x 5 (3).jpg
kmeans_rgb,baseline,5884-armor-steel,Steel,0.7478855515006675,0.8549549533787573,0.8613128662109375,armor steel x 10 (1).jpg
kmeans_rgb,baseline,5884-armor-steel,Steel,0.7358431475423333,0.8473770612643468,0.850738525390625,armor steel x 10 (2).jpg
kmeans_rgb,baseline,5884-armor-steel,Steel,0.5845239184257017,0.7369075776863496,0.74114990234375,armor steel x 10 (3).jpg
kmeans_rgb,baseline,5884-armor-steel,Steel,0.7305140666654644,0.8442202059132304,0.8446197509765625,armor steel x 10 (4).jpg
kmeans_rgb,baseline,5884-armor-steel,Steel,0.5840784072772509,0.7373665879687952,0.737701416015625,armor steel x 10 (5).jpg
kmeans_rgb,baseline,5884-armor-steel,Steel,0.6073535464368272,0.7556954851179927,0.7558135986328125,armor steel x 10 (6).jpg
kmeans_rgb,baseline,5884-armor-steel,Steel,0.7653573791605062,0.8602534159119132,0.9159698486328124,armor steel x 20 (1).jpg
kmeans_rgb,baseline,5884-armor-steel,Steel,0.780775397581607,0.8711736649076623,0.921295166015625,armor steel x 20 (2).jpg
kmeans_rgb,baseline,5884-armor-steel,Steel,0.787337972652463,0.8809399861665808,0.8816680908203125,armor steel x 20 (3).jpg
kmeans_rgb,baseline,5884-armor-steel,Steel,0.7329852000931598,0.8383505258703992,0.89276123046875,armor steel x 20 (4).jpg
kmeans_rgb,baseline,5884-armor-steel,Steel,0.654985468647367,0.7812555737201075,0.8385009765625,armor steel x 20 (5).jpg
kmeans_rgb,baseline,5884-armor-steel,Steel,0.6469390867845477,0.7749597564228634,0.8330230712890625,armor steel x 20 (6).jpg
kmeans_rgb,baseline,5884-armor-steel,Steel,0.5232936001772712,0.6813415731047903,0.704986572265625,armor steel x 5 (1).jpg
kmeans_rgb,baseline,5884-armor-steel,Steel,0.7628017260922508,0.8651742607258492,0.867431640625,armor steel x 5 (2).jpg
kmeans_rgb,baseline,5884-armor-steel,Steel,0.679251151699753,0.8082296620513185,0.8129730224609375,armor steel x 5 (4).jpg
kmeans_rgb,baseline,5884-armor-steel,Steel,0.6674145693730833,0.7939289660257095,0.832611083984375,armor steel x 5 (5).jpg
kmeans_rgb,baseline,5884-armor-steel,Steel,0.6131469385649486,0.7599772499867781,0.7610626220703125,armor steel x 50 (1).jpg
kmeans_rgb,baseline,5884-armor-steel,Steel,0.6535979582064899,0.7892014641646349,0.7967529296875,armor steel x 50 (2).jpg
kmeans_rgb,baseline,5884-armor-steel,Steel,0.6278674549196658,0.7695008543045506,0.779632568359375,armor steel x 50 (3).jpg
kmeans_rgb,baseline,5884-armor-steel,Steel,0.5254166025840582,0.6873831263775776,0.6936798095703125,armor steel x 50 (4).jpg
kmeans_rgb,baseline,6280-cast-iron-high,Cast Iron,0.7536390157403334,0.8503536500177041,0.9207305908203124,6280 x 20 (1).jpg
kmeans_rgb,baseline,6280-cast-iron-high,Cast Iron,0.692080118916726,0.8006508370987271,0.9051666259765624,6280 x 20 (10).jpg
kmeans_rgb,baseline,6280-cast-iron-high,Cast Iron,0.5471130240582568,0.6663738599325618,0.8298492431640625,6280 x 20 (2).jpg
kmeans_rgb,baseline,6280-cast-iron-high,Cast Iron,0.5647476422383527,0.6870318857458839,0.8330535888671875,6280 x 20 (3).jpg
kmeans_rgb,baseline,6280-cast-iron-high,Cast Iron,0.710966104089525,0.817448577136484,0.9056854248046876,6280 x 20 (4).jpg
kmeans_rgb,baseline,6280-cast-iron-high,Cast Iron,0.5491966239948695,0.6662306876109633,0.8371734619140625,6280 x 20 (5).jpg
kmeans_rgb,baseline,6280-cast-iron-high,Cast Iron,0.7584282987010666,0.8538799273784052,0.9224395751953124,6280 x 20 (6).jpg
kmeans_rgb,baseline,6280-cast-iron-high,Cast Iron,0.6848568639017519,0.7924875460311991,0.911590576171875,6280 x 20 (7).jpg
kmeans_rgb,baseline,6280-cast-iron-high,Cast Iron,0.7117084636090512,0.818395353617811,0.9041595458984376,6280 x 20 (8).jpg
kmeans_rgb,baseline,6280-cast-iron-high,Cast Iron,0.5705466064333041,0.6895128671862512,0.8458709716796875,6280 x 20 (9).jpg
kmeans_rgb,baseline,6280-cast-iron-low,Cast Iron,0.5531803857159495,0.7081699274171447,0.71478271484375,6280 x 10 (1).jpg
kmeans_rgb,baseline,6280-cast-iron-low,Cast Iron,0.5181639764131115,0.6809819121716586,0.692413330078125,6280 x 10 (10).jpg
kmeans_rgb,baseline,6280-cast-iron-low,Cast Iron,0.4945129246494931,0.6591396238941584,0.6625213623046875,6280 x 10 (11).jpg
kmeans_rgb,baseline,6280-cast-iron-low,Cast Iron,0.5592476570809689,0.7136585067350193,0.72222900390625,6280 x 10 (2).jpg
kmeans_rgb,baseline,6280-cast-iron-low,Cast Iron,0.5706521953352571,0.7223679365035124,0.74249267578125,6280 x 10 (3).jpg
kmeans_rgb,baseline,6280-cast-iron-low,Cast Iron,0.534937993606771,0.6936380660819084,0.7228240966796875,6280 x 10 (4).jpg
kmeans_rgb,baseline,6280-cast-iron-low,Cast Iron,0.3874843334253047,0.5517254857868467,0.6060333251953125,6280 x 10 (5).jpg
kmeans_rgb,baseline,6280-cast-iron-low,Cast Iron,0.4926061006597576,0.6554228990181444,0.6887664794921875,6280 x 10 (6).jpg
kmeans_rgb,baseline,6280-cast-iron-low,Cast Iron,0.544489808680328,0.7007555871158755,0.6999969482421875,6280 x 10 (7).jpg
kmeans_rgb,baseline,6280-cast-iron-low,Cast Iron,0.5283071944023999,0.6873276067825861,0.71875,6280 x 10 (8).jpg
kmeans_rgb,baseline,6280-cast-iron-low,Cast Iron,0.3954992725523467,0.5607777671396456,0.60760498046875,6280 x 10 (9).jpg
